{
    "ClassName": "Atmosphere",
    "Properties": {
        "Density": 0.31,
        "Offset": 0.155,

        "Color": [
            0.7803921699523926, 0.7803921699523926,
            0.7803921699523926
        ],
        "Decay": [
            0.4156862795352936, 0.43921568989753723,
            0.4901960790157318
        ],

        "Glare": 2.41,
        "Haze": 0
    }
}
